{"cameraMode":{"drawMode":0,"name":"Shaded","section":"Shading Mode"},"sceneLighting":false,"audioPlay":false,"sceneViewState":{"m_AlwaysRefresh":false,"showFog":true,"showSkybox":false,"showFlares":true,"showImageEffects":true,"showParticleSystems":true,"showVisualEffectGraphs":true,"m_FxEnabled":true},"in2DMode":false,"pivot":{"x":0.4178759455680847,"y":0.5227146148681641,"z":0.31903985142707827},"rotation":{"x":-0.1195620521903038,"y":0.3662869334220886,"z":-0.047488439828157428,"w":-0.9216057658195496},"size":-0.168368399143219,"orthographic":false}