{"cameraMode":{"drawMode":0,"name":"Shaded","section":"Shading Mode"},"sceneLighting":true,"audioPlay":false,"sceneViewState":{"m_AlwaysRefresh":false,"showFog":true,"showSkybox":true,"showFlares":true,"showImageEffects":true,"showParticleSystems":true,"showVisualEffectGraphs":true,"m_FxEnabled":true},"in2DMode":false,"pivot":{"x":-5.152597427368164,"y":-2.824342966079712,"z":2.5560247898101808},"rotation":{"x":0.13489758968353272,"y":0.0035921039525419475,"z":-0.0004869284457527101,"w":0.9908632040023804},"size":1.6016101837158204,"orthographic":false}