{"cameraMode":{"drawMode":0,"name":"Shaded","section":"Shading Mode"},"sceneLighting":true,"audioPlay":false,"sceneViewState":{"m_AlwaysRefresh":false,"showFog":true,"showSkybox":false,"showFlares":true,"showImageEffects":true,"showParticleSystems":true,"showVisualEffectGraphs":true,"m_FxEnabled":true},"in2DMode":false,"pivot":{"x":10.979000091552735,"y":3.2944998741149904,"z":15.494999885559082},"rotation":{"x":-0.18301056325435639,"y":0.322367399930954,"z":-0.06369467079639435,"w":-0.9266219735145569},"size":15.076875686645508,"orthographic":false}