{"cameraMode":{"drawMode":0,"name":"Shaded","section":"Shading Mode"},"sceneLighting":true,"audioPlay":false,"sceneViewState":{"m_AlwaysRefresh":false,"showFog":true,"showSkybox":true,"showFlares":true,"showImageEffects":true,"showParticleSystems":true,"showVisualEffectGraphs":true,"m_FxEnabled":true},"in2DMode":false,"pivot":{"x":-3.9336376190185549,"y":-3.285283327102661,"z":3.4380602836608888},"rotation":{"x":-0.2284913808107376,"y":0.10493526607751847,"z":-0.024815315380692483,"w":-0.9676003456115723},"size":3.310051679611206,"orthographic":false}