{"cameraMode":{"drawMode":0,"name":"Shaded","section":"Shading Mode"},"sceneLighting":true,"audioPlay":false,"sceneViewState":{"m_AlwaysRefresh":false,"showFog":true,"showSkybox":true,"showFlares":true,"showImageEffects":true,"showParticleSystems":true,"showVisualEffectGraphs":true,"m_FxEnabled":true},"in2DMode":false,"pivot":{"x":-3.4850101470947267,"y":-0.9308287501335144,"z":-0.40292930603027346},"rotation":{"x":0.01472332514822483,"y":-0.9806267619132996,"z":0.08108291774988175,"w":0.17784202098846436},"size":1.3117320537567139,"orthographic":false}